"","tested","kBET.pvalue.test","kBET.pvalue.null"
"1",1,6.16184880897208e-12,0.71689662702872
"2",1,0.0340433439594364,0.597472947515233
"3",1,1.11834531080213e-07,0.702281403800752
"4",1,0,0.847643010925502
"5",1,6.87297111390262e-06,0.653716525354616
"6",1,0,0.544164049588207
"7",1,0,0.70079594479082
"8",1,0,0.667781600422788
"9",1,0,0.741492411120417
"10",1,0,0.472793672706223
"11",1,0,0.76259418106695
"12",1,4.09672296086683e-14,0.494642089797136
"13",1,0,0.553175714506754
"14",1,0,0.546300239775031
"15",1,1.11022302462516e-16,0.829475468834931
"16",1,0,0.565790980945359
"17",1,3.69582142667468e-11,0.697548093644804
"18",1,1.12577624999943e-09,0.534064217956461
"19",1,0,0.651532460062143
"20",1,0,0.733676675863179
"21",1,0.0842381470278255,0.804489609074994
"22",1,0.0981040553598681,0.641712088082378
"23",1,1.11022302462516e-16,0.647640855909788
"24",1,1.3222220778264e-06,0.633520223403689
"25",1,0,0.507015071419738
"26",1,0,0.569019661665484
"27",1,0,0.416587013459622
"28",1,1.11022302462516e-16,0.602268021102818
"29",1,7.11403046959047e-05,0.793734958415638
"30",1,0,0.809418813553201
"31",1,0,0.722206309585038
"32",1,9.76889702686279e-07,0.573711508811385
"33",1,0.115979808211044,0.402182752760927
"34",1,0,0.506727486692047
"35",1,4.7839510131098e-12,0.549855157016266
"36",1,0,0.668016081871541
"37",1,0,0.882638275794927
"38",1,0,0.539066441761999
"39",1,0,0.583172682028258
"40",1,0,0.487940006217529
"41",1,0,0.493509344328895
"42",1,0,0.340443131661195
"43",1,0,0.656051986549582
"44",1,7.17061400035135e-06,0.698604696789532
"45",1,0.074079808560034,0.446794043980004
"46",1,2.76223488526739e-13,0.584396457648123
"47",1,0,0.564137654134771
"48",1,0,0.683787200456141
"49",1,2.46836462192146e-06,0.693061508214557
"50",1,0,0.647419506232464
"51",1,0.265965542859784,0.643262632431342
"52",1,0,0.573859022675695
"53",1,0,0.627320217041292
"54",1,0,0.593903268199357
"55",1,0,0.70177411267166
"56",1,1.27675647831893e-14,0.554225592258388
"57",1,0,0.777837844131179
"58",1,0.443641588023585,0.67999992979489
"59",1,0,0.650553109748403
"60",1,0.513628004167608,0.479576978838808
"61",1,0.0118945332137604,0.650422717144614
"62",1,0,0.349616421595776
"63",1,0.035200488947234,0.629579989496516
"64",1,0,0.620483013756546
"65",1,0,0.694210781695755
"66",1,3.02209169313894e-05,0.72128654497787
"67",1,9.23150444975818e-13,0.642934159430855
"68",1,0,0.562132064706506
"69",1,0,0.386484398477294
"70",1,4.65970539931249e-09,0.626467692362639
"71",1,7.29724392023456e-09,0.599599259112438
"72",1,0,0.526460657967822
"73",1,0,0.67549129648502
"74",1,0.0051625340759478,0.627493574266301
"75",1,0,0.678863305346783
"76",1,6.07786425143031e-05,0.340630094690394
"77",1,0,0.449233918827
"78",1,1.11022302462516e-16,0.460763195294768
"79",1,5.55111512312578e-16,0.691648533431554
"80",1,0,0.89794332352418
"81",1,0,0.576352498765848
"82",1,4.50353321856944e-07,0.545525759111157
"83",1,0,0.560796538554172
"84",1,0,0.473069693499944
"85",1,0,0.839590698917992
"86",1,0.00499045580806934,0.58519681880666
"87",1,0,0.810022854633781
"88",1,0.00449504094728392,0.77819949874589
"89",1,0,0.744349910437347
"90",1,1.62428070993315e-10,0.732647665896503
"91",1,1.11022302462516e-16,0.462548626874774
"92",1,0,0.594807351323927
"93",1,1.42762804733465e-06,0.437889430154499
"94",1,0,0.876168406350521
"95",1,2.22044604925031e-16,0.795517119731883
"96",1,9.19739869588154e-05,0.622526121729458
"97",1,0,0.269558800053756
"98",1,0,0.468626679264809
"99",1,0,0.563963775355244
"100",1,0,0.437917876701609
"101",1,2.30843566484396e-10,0.330232812748872
"102",1,0,0.678849703975238
"103",1,0.00257218719392094,0.715806262917726
"104",1,0,0.480331846000196
"105",1,0,0.663360653983688
"106",1,0,0.883376796623558
"107",1,0,0.247189630318049
"108",1,0,0.567652796402133
"109",1,0,0.551696862176392
"110",1,0.000290387352339438,0.723131322045215
"111",1,5.89428751894827e-05,0.574440481597416
"112",1,0.0497356439719677,0.507929120868858
"113",1,6.84897978775467e-07,0.553773515601968
"114",1,0,0.690838933767307
"115",1,0,0.488008833219612
"116",1,1.54498636106837e-12,0.658228603487554
"117",1,0,0.323691354705438
"118",1,3.05089287166993e-13,0.356011496942575
"119",1,0.763546660937668,0.591485085382949
"120",1,0,0.663707262940573
"121",1,0.712686877839477,0.450204741024962
"122",1,0,0.278380710864214
"123",1,4.59879023750887e-10,0.78905027620457
"124",1,1.11222142606948e-12,0.575940041115494
"125",1,8.88178419700125e-15,0.634501826460662
"126",1,0,0.50452899618474
"127",1,0,0.64388157857076
"128",1,0.00771159985839287,0.471255720768777
"129",1,1.22124532708767e-15,0.687270417460753
"130",1,0,0.830418933111962
"131",1,0,0.534611337241439
"132",1,0,0.695050752637065
"133",1,0,0.229668470215176
"134",1,0,0.741633448084034
"135",1,4.07422662274115e-09,0.434605622527328
"136",1,0,0.499108870019196
"137",1,0,0.319839486930286
"138",1,0.014359907868805,0.460072644067894
"139",1,0,0.382222000609706
"140",1,1.4432899320127e-15,0.543654947411613
"141",1,0,0.853319334192861
"142",1,0,0.515934279404558
"143",1,0,0.699896112092647
"144",1,1.32697490300426e-05,0.736714072254263
"145",1,1.67275197514583e-05,0.601847687296107
"146",1,0.000593968742469309,0.476034069677669
"147",1,0,0.701049147452023
"148",1,0,0.418958032875053
"149",1,0,0.568233129578167
"150",1,0.103965240168852,0.684759389697524
"151",1,4.93411887314554e-05,0.596014146115191
"152",1,0,0.434935229364848
"153",1,3.29361822702934e-05,0.758281789967286
"154",1,0,0.89214575946498
"155",1,0,0.856253670676569
"156",1,0,0.571169176566383
"157",1,0,0.386885127578482
"158",1,0,0.75984715073421
"159",1,0,0.621863169959413
"160",1,0,0.787589145473211
"161",1,0.943600346836559,0.717871979104405
"162",1,0,0.801225731100036
"163",1,0.000397919338914643,0.798305344004371
"164",1,0.0226554440161294,0.840084726660784
"165",1,0,0.552392777984074
"166",1,0,0.554944592379253
"167",1,0,0.489149614351535
"168",1,0,0.619614210781927
"169",1,3.89597887173743e-07,0.558680351403784
"170",1,0.493538097617406,0.835194014898646
"171",1,0,0.808086415779296
"172",1,7.7715611723761e-16,0.569530197755011
"173",1,8.07243161204951e-13,0.584720151259575
"174",1,1.11022302462516e-16,0.478480011508515
"175",1,0.509245944432786,0.474439974261334
"176",1,0,0.643586397444557
"177",1,0.814300003520912,0.548214257983937
"178",1,0.0436299492462006,0.363255158137115
"179",1,0,0.694000770501182
"180",1,0,0.519773780057583
"181",1,0,0.615594480079105
"182",1,0,0.609014082358394
"183",1,0,0.441714044607843
"184",1,0,0.65722664844501
"185",1,0,0.608649472246347
"186",1,0,0.63144558774083
"187",1,0,0.595350124278665
"188",1,1.11022302462516e-16,0.624973007456044
"189",1,6.00706287123831e-06,0.673283221218652
"190",1,0,0.737177154181173
"191",1,0.000100932260992836,0.538541136758746
"192",1,0,0.467648481346642
"193",1,0.000269882320609205,0.583929172088575
"194",1,0,0.735018328964804
"195",1,7.061018436616e-14,0.648014191972534
"196",1,0,0.597308278323388
"197",1,0,0.77596040995547
"198",1,6.83035594861714e-07,0.661732307847482
"199",1,1.70313477765305e-08,0.793675734616117
"200",1,0,0.743652543264795
"201",1,0,0.718480755235798
"202",1,0,0.443468768366158
"203",1,0,0.763357210968062
"204",1,0.794193328810553,0.588889672948849
"205",1,0,0.38841260433337
"206",1,0,0.631534415840637
"207",1,0,0.460369108108047
"208",1,0,0.505640672167176
"209",1,0,0.683868427124727
"210",1,0.066561689700707,0.601109078259249
"211",1,0.00436487435938038,0.569009890968206
"212",1,0,0.491609498603482
"213",1,0,0.593020102291073
"214",1,0,0.89728622641602
"215",1,0.0355592785941186,0.457346369700784
"216",1,0,0.795508925928045
"217",1,0,0.726058678056201
"218",1,1.7232939519829e-08,0.729168590748013
"219",1,0,0.577119510718694
"220",1,0.247103382950777,0.559941404840146
"221",1,0,0.627012816210309
"222",1,0,0.622550842037224
"223",1,0,0.569297427083899
"224",1,0.071926779354005,0.82204453166966
"225",1,0.00230905213741672,0.680559595051974
"226",1,2.43925990517369e-11,0.457461284324846
"227",1,0,0.530755414995845
"228",1,2.26485497023532e-14,0.770524525616563
"229",1,0.00947938382722635,0.754966230340253
"230",1,0,0.779157083542649
"231",1,0,0.646302051227621
"232",1,0,0.772976301094625
"233",1,0,0.53648518305874
"234",1,5.73335531780517e-05,0.657756386854046
"235",1,3.33950234132629e-09,0.613032237855535
"236",1,0.0190548105345469,0.5648046413616
"237",1,0.000382032045599501,0.643501184545837
"238",1,0,0.574027573568661
"239",1,0.701766189078079,0.553794473899458
"240",1,6.66133814775094e-15,0.548244553879156
"241",1,1.14830737030225e-07,0.833493951437968
"242",1,0,0.709127698675503
"243",1,0,0.539559285441767
"244",1,0,0.834833715435447
"245",1,0,0.781208084448058
"246",1,0,0.421596276986758
"247",1,4.44154713008516e-11,0.554067890805625
"248",1,0,0.469970916760956
"249",1,0,0.597496790709588
"250",1,0.140383651200349,0.552832406049679
"251",1,0,0.55018796912548
"252",1,0,0.578333930501932
"253",1,0,0.615896645540535
"254",1,0,0.820287772608195
"255",1,0.956195874743769,0.800844585280428
"256",1,0,0.813887150667555
"257",1,1.91192623955061e-08,0.763534709265006
"258",1,2.44249065417534e-12,0.629862122324718
"259",1,4.06566663688768e-05,0.742380043763391
"260",1,0.22587891243818,0.551532324811388
"261",1,0.00186793182151379,0.552381676854267
"262",1,0,0.631566759892561
"263",1,0,0.476109235863068
"264",1,0,0.494090600426583
"265",1,0,0.579888159325444
"266",1,2.12503349694693e-06,0.447284182997861
"267",1,0,0.604314010816785
"268",1,5.81001821398086e-05,0.393941983552908
"269",1,3.70539001937065e-06,0.619036332138956
"270",1,1.90669457778014e-07,0.532425671782472
"271",1,0.100132959792253,0.716118569199013
"272",1,0,0.595287222276763
"273",1,0,0.538991721334387
"274",1,9.15032951631645e-08,0.66802848715546
"275",1,0.127914359281032,0.468773634539568
"276",1,0,0.708252504485082
"277",1,0,0.742412322433855
"278",1,0,0.555425311124666
"279",1,2.59578134542693e-08,0.414868337574995
"280",1,0,0.532237273172912
"281",1,0,0.630563944431709
"282",1,0,0.679387964590228
"283",1,0,0.783011781027437
"284",1,0.044875011000143,0.43579300800376
"285",1,0.000277427915793438,0.635567323962878
"286",1,0.000337161558583432,0.686385480896366
"287",1,0,0.529852244634388
"288",1,0,0.655048448452055
"289",1,0,0.600745820133173
"290",1,0.12755271670982,0.589114002135749
"291",1,3.04212210977539e-12,0.823288375444138
"292",1,0,0.80195825501609
"293",1,2.21312409065533e-06,0.482180053762007
"294",1,0.553421870799922,0.486066744891383
"295",1,2.41020114744028e-06,0.612963774846532
"296",1,0,0.70124582024216
"297",1,2.30973832282544e-08,0.536968625710157
"298",1,1.00559227611541e-10,0.481897334734308
"299",1,0,0.436824600063139
"300",1,0,0.393107840067457
"301",1,0.318615582636944,0.483984026168876
"302",1,0.000724317382634898,0.6675301596448
"303",1,0,0.375028739082422
"304",1,3.21964677141295e-15,0.711056114599548
"305",1,0.403149180371314,0.701576424446243
"306",1,0,0.602303880749995
"307",1,4.54414283979077e-13,0.902892765769481
"308",1,0.00200381726101251,0.569254141358794
"309",1,0,0.679024071239429
"310",1,0,0.802995554670281
"311",1,2.1094237467878e-15,0.759246187938749
"312",1,0,0.477310321760643
"313",1,0,0.610438918741426
"314",1,0,0.610022206494031
"315",1,0.00491547081579102,0.777238340310532
"316",1,0.012266934527147,0.533437423399659
"317",1,9.99200722162641e-16,0.590879340719194
"318",1,0,0.551610889989127
"319",1,0.704936939219288,0.509092336583658
"320",1,0,0.741242156426399
"321",1,9.77657976797275e-09,0.524738688152369
"322",1,3.48952866602303e-10,0.679921738205245
"323",1,0.000540358956003906,0.641549277771855
"324",1,8.79366306216767e-07,0.694524465541631
"325",1,1.77635683940025e-15,0.400614737486908
"326",1,3.15549431584294e-07,0.793862146281877
"327",1,0,0.547021678549155
"328",1,0,0.638505054139059
"329",1,0,0.627582220837511
"330",1,0,0.547377025455679
"331",1,0,0.544016192790626
"332",1,0,0.627096542571386
"333",1,0,0.719172314297512
"334",1,0,0.447342818445136
"335",1,0,0.450698593238757
"336",1,1.11022302462516e-16,0.73194959201536
"337",1,2.22044604925031e-16,0.586753331042851
"338",1,0,0.795537310956013
"339",1,0,0.537694319366879
"340",1,0,0.722100595324876
"341",1,0,0.706107879880983
"342",1,1.03826724995315e-10,0.469811869658831
"343",1,1.21167842426217e-09,0.297865159101855
"344",1,3.45567699677751e-07,0.608359071752279
"345",1,0,0.386182592193425
"346",1,4.25680157789543e-10,0.461524406988322
"347",1,4.44089209850063e-16,0.460233750140776
"348",1,5.36792832406263e-13,0.587676896866846
"349",1,3.10897529942622e-10,0.646967676223034
"350",1,0.0751926582514686,0.556475844295388
"351",1,0,0.457908021235598
"352",1,0.005831941338449,0.493082803160538
"353",1,0.00428051104538119,0.764552504896674
"354",1,0,0.855463081086976
"355",1,2.4055391214417e-05,0.54888593164795
"356",1,3.87684192568738e-05,0.483246847055979
"357",1,0.231465470477679,0.55697690302398
"358",1,0,0.724051015730636
"359",1,0.000500994601501548,0.552884748554071
"360",1,0.939062298328667,0.480280085892953
"361",1,0,0.448476290820997
"362",1,1.11022302462516e-16,0.597182962177284
"363",1,7.7715611723761e-16,0.65794804898634
"364",1,0,0.522280382173837
"365",1,2.93054469580056e-12,0.454398958897825
"366",1,0,0.642089383765425
"367",1,2.03292938039112e-12,0.929995315901296
"368",1,8.10462807976364e-15,0.766492372029534
"369",1,0,0.564551337998335
"370",1,0,0.769154219070558
"371",1,0.598056704423308,0.52245674678267
"372",1,0,0.589144785180093
"373",1,0.000995820990537077,0.542853787468304
"374",1,2.33146835171283e-15,0.686298065324281
"375",1,0,0.6248385881896
"376",1,0,0.723599252727658
"377",1,0,0.719672894057094
"378",1,5.18187539988446e-07,0.748925513565552
"379",1,0,0.517036912145514
"380",1,0,0.781371153029937
"381",1,0,0.597190880103403
"382",1,0,0.72805967432113
"383",1,0.323391808909354,0.6423400656023
"384",1,0,0.305726742871375
"385",1,0,0.274850937490295
"386",1,0.00120723271927281,0.791359691726456
"387",1,0.000969102647285114,0.51563174422803
"388",1,0,0.672717399463799
"389",1,3.33988847689426e-09,0.663513266999436
"390",1,0,0.507237618196879
"391",1,0,0.454559316683652
"392",1,1.59383617415187e-12,0.560661345468318
"393",1,0,0.618633336891626
"394",1,1.50400691900643e-10,0.671402559556155
"395",1,0.639401935677939,0.347709011128995
"396",1,0,0.411391876374093
"397",1,1.46529677280682e-10,0.837835743584284
"398",1,0.889513263456907,0.64041946669781
"399",1,0,0.866982004490262
"400",1,0,0.792929009642779
"401",1,0,0.770501826809935
"402",1,0,0.659150523320038
"403",1,0,0.779987293713184
"404",1,3.98601152085121e-11,0.610014468208758
"405",1,1.88737914186277e-15,0.894586355752603
"406",1,0,0.753840519135775
"407",1,0,0.520518858380891
"408",1,0,0.719322777155674
"409",1,4.443478918148e-11,0.856531249660414
"410",1,0,0.623311307975098
"411",1,0,0.586867574870794
"412",1,0,0.497962220362011
"413",1,0,0.533682442769827
"414",1,1.31320510021737e-10,0.634924563912171
"415",1,4.24841828383649e-10,0.776434640362508
"416",1,0,0.513154916050354
"417",1,7.7715611723761e-16,0.715386924642643
"418",1,0.419026058315961,0.748871327650985
"419",1,0,0.689022097654083
"420",1,0,0.744870986804055
"421",1,0,0.553578413705866
"422",1,9.22278005410782e-07,0.721197108812797
"423",1,0.0148080711301156,0.378381014518557
"424",1,0,0.656517277457931
"425",1,0.156604454587219,0.527574483203379
"426",1,2.65021338208271e-12,0.777766233701575
"427",1,0.00124408024398692,0.476010797297482
"428",1,3.25295346215171e-12,0.806121202673439
"429",1,0.481502660599208,0.597889863152885
"430",1,0,0.685126725698986
"431",1,0,0.366160718580471
"432",1,0,0.484047509463653
"433",1,0,0.401525414788547
"434",1,0,0.832491321464825
"435",1,0.188728030789248,0.531583917012973
"436",1,0,0.674033601991135
"437",1,0,0.849118863627932
"438",1,0,0.454855582367172
"439",1,1.00697228333502e-12,0.384642131464765
"440",1,0,0.743594330318867
"441",1,4.94229302860916e-06,0.543454341930985
"442",1,0,0.860674010327209
"443",1,0.284788561650527,0.783134318460303
"444",1,8.87734330490275e-13,0.6512360223429
"445",1,0,0.737552220828747
"446",1,0,0.556166141468973
"447",1,1.83302592504653e-06,0.555374800382224
"448",1,0.0102115467818484,0.509361193712283
"449",1,0.000674364712965003,0.820289867224926
"450",1,0,0.629089594311346
"451",1,0,0.512664618177671
"452",1,0.000199732257549767,0.629747856871301
"453",1,9.2943568508197e-07,0.657687637794519
"454",1,0,0.416221509512281
"455",1,1.24223208395335e-05,0.608241111109284
"456",1,0,0.57035845025937
"457",1,0,0.642531824925674
"458",1,0,0.708786486306307
"459",1,0,0.757627662295359
"460",1,0,0.695407072183612
"461",1,4.47142323167782e-11,0.5091153909759
"462",1,0.0384211471508518,0.484598747782122
"463",1,0,0.766924593243277
"464",1,0,0.851024233668065
"465",1,0,0.868812856464978
"466",1,1.46006284840183e-09,0.576568317235834
"467",1,0.0322652446136688,0.607498050594335
"468",1,1.11022302462516e-15,0.742518351401623
"469",1,3.81193309140215e-08,0.50485907913936
"470",1,0,0.627413214431122
"471",1,0,0.606254576211959
"472",1,5.52291524957838e-07,0.384697274471133
"473",1,0.000155529695832657,0.573131892949227
"474",1,0,0.559012532550176
"475",1,0,0.445224476671696
"476",1,0.149428578960785,0.369526228330001
"477",1,0,0.380963815213984
"478",1,0,0.668304625489733
"479",1,0,0.813873916599623
"480",1,0,0.799209222917483
"481",1,1.11022302462516e-15,0.572128373668127
"482",1,4.19205143261658e-05,0.375433312754564
"483",1,0,0.541519971961928
"484",1,0.000190164218648592,0.707133990352433
"485",1,0.0031021100278843,0.479868986463082
"486",1,0,0.793789991902272
"487",1,4.09656752964338e-11,0.417865346917114
"488",1,1.04941610956644e-11,0.446694940837718
"489",1,3.39441530439188e-09,0.552232640540152
"490",1,0,0.527787946336081
"491",1,5.8164584260112e-13,0.613926321256521
"492",1,0,0.710089757342266
"493",1,0.00559360822461907,0.562104594240119
"494",1,0,0.475030588449564
"495",1,0,0.5332190451514
"496",1,1.84829263005781e-10,0.431465016464202
"497",1,2.81016621084262e-08,0.592764294985117
"498",1,0,0.506479873149191
"499",1,0.0834867570521783,0.741959623429293
"500",1,4.26835233824363e-11,0.585160153363646
"501",1,0,0.924457649702301
"502",1,0.00651919181489813,0.5614323130795
"503",1,0,0.749840150106203
"504",1,0,0.708171692808371
"505",1,0.000503773374336713,0.677170798186548
"506",1,0,0.724950173418101
"507",1,0,0.701503294647903
"508",1,0,0.802131544704415
"509",1,1.94289029309402e-14,0.705212448138611
"510",1,0,0.60525825916957
"511",1,0.000552909403730095,0.716547642835049
"512",1,0.0190773695080914,0.496002240446924
"513",1,0.682595270617706,0.716822870585965
"514",1,1.11022302462516e-15,0.61799321571209
"515",1,0.172316268036462,0.723782909469524
"516",1,1.83836945666371e-10,0.620222665349331
"517",1,0.00086043247122658,0.822236969953763
"518",1,0,0.590942593151673
"519",1,2.72493139163998e-11,0.487400727015451
"520",1,0,0.638205179933448
"521",1,2.92876833896116e-13,0.565199256429394
"522",1,0,0.563914847586114
"523",1,4.10500040959327e-07,0.607272739770255
"524",1,0,0.82660888914574
"525",1,0,0.655423967867396
"526",1,2.50648390931474e-11,0.522425632848136
"527",1,0,0.610510987066977
"528",1,0,0.785838716599303
"529",1,0,0.642480889602758
"530",1,0,0.836849735744048
"531",1,1.11022302462516e-16,0.665482721969648
"532",1,0,0.686983837177751
"533",1,2.1227464230833e-13,0.773058001353675
"534",1,2.22044604925031e-16,0.267366749298001
"535",1,5.10702591327572e-15,0.744237834681258
"536",1,0.000151069315633134,0.63173018378501
"537",1,0,0.585302890841064
"538",1,1.12382114301202e-05,0.60467781115053
"539",1,0,0.71015949121248
"540",1,1.95775759714856e-06,0.349335005975686
"541",1,0,0.675476904986614
"542",1,0,0.587379440243054
"543",1,0,0.376957630185515
"544",1,0,0.6291510851427
"545",1,0.127385775349298,0.585758008194665
"546",1,0,0.481460665209055
"547",1,0.0196597563116196,0.569146676975219
"548",1,0,0.709824920133489
"549",1,3.25441639893453e-05,0.540228968674878
"550",1,0,0.685871258420751
"551",1,0,0.559431003739965
"552",1,0,0.411614836217684
"553",1,0.0035361023652335,0.717535823845577
"554",1,1.16015621554055e-08,0.756125260540279
"555",1,0.81173383475871,0.534610069023454
"556",1,0,0.668663092385975
"557",1,0.0203179727561253,0.566911171041265
"558",1,0,0.450729616362188
"559",1,0,0.558868036568038
"560",1,5.97529468655544e-05,0.735887421415598
"561",1,0,0.384314136563586
"562",1,0.172989549564744,0.417003402080139
"563",1,2.15430273620143e-09,0.634806087168164
"564",1,0.31815088928725,0.856786520297833
"565",1,0,0.670649133302089
"566",1,0.175030752334166,0.574505892477575
"567",1,0,0.744446425068502
"568",1,1.72306613421824e-13,0.581537445832135
"569",1,0.0697321691759324,0.649981837968913
"570",1,0,0.749442644300047
"571",1,0,0.814493119093706
"572",1,0.000392225957517978,0.649114379815388
"573",1,0,0.673519138120229
"574",1,6.97020219320166e-12,0.596825151399692
"575",1,8.23809243044593e-10,0.609355129123883
"576",1,0.0446476703568335,0.729501899541375
"577",1,0,0.663312234112319
"578",1,4.9515946898282e-14,0.54712225474233
"579",1,0.00020239612595041,0.676318406787032
"580",1,0.395125376091351,0.711021029342867
"581",1,1.46160861191902e-12,0.688016378788516
"582",1,0.0331676434803525,0.669104400182835
"583",1,0.00333805307477264,0.672886763421993
"584",1,7.2819528185164e-12,0.557257853160939
"585",1,1.05228894486942e-08,0.566831498251153
"586",1,0.195640806315357,0.885089231676927
"587",1,0,0.800219244280405
"588",1,3.96257027190927e-10,0.47228902217333
"589",1,0,0.447319613408413
"590",1,1.36135547279537e-12,0.684236114436647
"591",1,0,0.706458134027033
"592",1,3.45784623156931e-10,0.630297535694417
"593",1,0,0.617717553126008
"594",1,0,0.62039134731457
"595",1,0.324099173094276,0.715136652833021
"596",1,0,0.2968003908945
"597",1,0,0.198693148702317
"598",1,1.5842882561401e-13,0.532528370508097
"599",1,4.44089209850063e-16,0.64095537872412
"600",1,2.22044604925031e-16,0.507303789009828
"601",1,0,0.861945978069596
"602",1,0,0.614640395035429
"603",1,2.16621942605855e-10,0.718262435545334
"604",1,0,0.784497231479166
"605",1,0.000360750431754764,0.485973002228365
"606",1,0.00157280209315502,0.582356250863638
"607",1,1.38103417590685e-10,0.474286039759064
"608",1,0,0.708271385516054
"609",1,0,0.674415516345583
"610",1,0.0213636065795232,0.811174776390657
"611",1,0.000116239993874445,0.682636395512785
"612",1,5.21414411647214e-09,0.839450781964045
"613",1,0,0.628695221894034
"614",1,0,0.684107178146564
"615",1,4.65125016280155e-09,0.746408443367409
"616",1,1.24194021733359e-09,0.260986430804724
"617",1,0,0.698496980079473
"618",1,9.42875777454333e-11,0.733789207759072
"619",1,0,0.515627367066651
"620",1,0,0.812297275336784
"621",1,0.239445938910777,0.547538452195389
"622",1,6.01851901649297e-13,0.61222172513409
"623",1,0,0.711034712689848
"624",1,0,0.786918532833422
"625",1,0.396816594307594,0.465545509800233
"626",1,0,0.687788131365352
"627",1,5.84133715986201e-06,0.740287739373551
"628",1,4.43041580400205e-06,0.425754488087907
"629",1,0.000162950169905418,0.505664319383569
"630",1,0,0.805606642375261
"631",1,5.10702591327572e-15,0.544331258180009
"632",1,0.00616941308497287,0.448704795102321
"633",1,2.93832264887106e-05,0.494059668910537
"634",1,0.00107882323032227,0.478343334897225
"635",1,0,0.669869513240157
"636",1,0,0.684062708027497
"637",1,0.000408868387487438,0.716995034849776
"638",1,0,0.61113795210725
"639",1,0,0.551828514839299
"640",1,0,0.348612532955352
"641",1,3.24417881958361e-06,0.564044978568964
"642",1,0,0.790746848774748
"643",1,0,0.694130685043874
"644",1,0,0.638868786168045
"645",1,0.0602833460137686,0.777401074089906
"646",1,1.4432899320127e-15,0.668619250584431
"647",1,0,0.803789095653071
"648",1,0,0.740301351391729
"649",1,3.78006514978324e-11,0.357310428862992
"650",1,0.675989225015066,0.605761516462531
"651",1,0,0.509472044129022
"652",1,0,0.831741544921439
"653",1,0,0.752874765290083
"654",1,0,0.88791145630287
"655",1,7.76601005725297e-13,0.774352366676506
"656",1,0,0.68262412833664
"657",1,0,0.375443228419557
"658",1,6.54256007115439e-06,0.65272987852159
"659",1,2.22044604925031e-16,0.462097876355444
"660",1,5.70005638245163e-08,0.562369538387267
"661",1,0,0.82723600896439
"662",1,1.52100554373646e-14,0.65907480756707
"663",1,3.358872955328e-07,0.801504066745491
"664",1,0,0.729544600932448
"665",1,3.30633409539871e-10,0.530786524845735
"666",1,0.148723946722403,0.549595527105505
"667",1,0,0.510569822218998
"668",1,0,0.561516505727754
"669",1,0,0.528093149965058
"670",1,9.83122184772256e-08,0.622544463188619
"671",1,0.0135628533418695,0.572789093882079
"672",1,0,0.666844987231752
"673",1,0,0.420807884893277
"674",1,0,0.640885643228149
"675",1,1.48729128124359e-07,0.583051561260223
"676",1,1.3426435552244e-07,0.560352946281555
"677",1,0,0.3149859904593
"678",1,0,0.515727957972632
"679",1,1.61193280945326e-12,0.537485173859239
"680",1,2.60680366181987e-13,0.291159582930789
"681",1,0,0.54960107294336
"682",1,4.37816449760930e-12,0.61512457164698
"683",1,0.0133070041459212,0.564403716004503
"684",1,0,0.513448267179873
"685",1,0,0.710153906471996
"686",1,9.99200722162641e-16,0.716731200656911
"687",1,0,0.668277477107209
"688",1,2.25042207091519e-11,0.679314082804713
"689",1,0,0.724678144703982
"690",1,0,0.752533246810333
"691",1,0,0.787886853776938
"692",1,0,0.621046276066625
"693",1,0,0.924920212832944
"694",1,0,0.714849211062411
"695",1,0.249164587557671,0.499974862090672
"696",1,5.21804821573824e-15,0.533094347685441
"697",1,7.7715611723761e-16,0.382915213023992
"698",1,0,0.467522209719583
"699",1,0,0.562039007835598
"700",1,9.97535387625703e-12,0.472657581302415
"701",1,0,0.955514334169668
"702",1,7.04991620636974e-13,0.682093357209921
"703",1,0,0.610152739474088
"704",1,6.66133814775094e-16,0.458702840581384
"705",1,3.41615430388131e-08,0.807782889107918
"706",1,0,0.331302772971404
"707",1,0,0.683978130658601
"708",1,0.000603341761808429,0.829328194400986
"709",1,0.209639456576176,0.544532054708041
"710",1,0,0.313429331647693
"711",1,0,0.753914971989253
"712",1,1.67976743625786e-13,0.631827565308402
"713",1,7.35150669861628e-06,0.776161035960238
"714",1,0,0.816082996170656
"715",1,2.5138979399264e-06,0.618905605108481
"716",1,0,0.712682936175229
"717",1,0.000444154220487381,0.442483767770703
"718",1,2.42751300432165e-05,0.771010167623955
"719",1,0,0.865002728765687
"720",1,0,0.660265839139231
"721",1,0.00675164490738911,0.559404978325353
"722",1,0,0.561584350902882
"723",1,0,0.543384051490234
"724",1,0,0.631600760829295
"725",1,0,0.791405568288527
"726",1,5.91571236441268e-12,0.618075384655519
"727",1,5.6820156432158e-06,0.648495448677815
"728",1,0,0.703718938029704
"729",1,3.47395991029398e-05,0.659811382200222
"730",1,0,0.417497787375405
"731",1,0,0.620695894738967
"732",1,0.00466428990752721,0.84969908631655
"733",1,3.24954454455906e-08,0.400316934119911
"734",1,0.997879262757103,0.707159851131581
"735",1,1.46016532198701e-12,0.580545315414167
"736",1,1.11022302462516e-16,0.516330325005973
"737",1,0,0.58495518987305
"738",1,0,0.497120843743857
"739",1,3.96016552883793e-13,0.474942147028277
"740",1,0,0.515272044052306
"741",1,0,0.832325526063915
"742",1,3.33066907387547e-16,0.437254953514023
"743",1,5.47339951140202e-14,0.667218446458416
"744",1,0,0.61008635376244
"745",1,6.00709419540379e-07,0.460152782607771
"746",1,0.000253696783406365,0.898533080478426
"747",1,1.4432899320127e-15,0.515955286601911
"748",1,0,0.653623353867536
"749",1,3.17401660510086e-12,0.612386676988841
"750",1,0.233538218129071,0.570682384269497
"751",1,0,0.55034045606657
"752",1,5.6427285066718e-10,0.565584887756868
"753",1,0,0.572779607950883
"754",1,4.66293670342566e-15,0.721439802520592
"755",1,5.20561737493708e-07,0.622593786693569
"756",1,3.88578058618805e-15,0.319851040396904
"757",1,0,0.62713285740484
"758",1,1.97128613432795e-09,0.653230630466261
"759",1,0.0962919346027283,0.653550929997958
"760",1,0.261818893442944,0.549885504859427
"761",1,0,0.725374398344992
"762",1,0,0.620741416779432
"763",1,0.103228525998191,0.690455012794796
"764",1,1.11022302462516e-16,0.805110046336896
"765",1,2.77099676537773e-10,0.574292555394224
"766",1,1.73952314185266e-05,0.442224143176168
"767",1,0,0.757712925025903
"768",1,0,0.511172881416592
"769",1,0,0.672076344444706
"770",1,3.0531321915106e-10,0.741783058356035
"771",1,0,0.776347455738247
"772",1,0.000597015245373811,0.771563810509062
"773",1,0,0.758918119908608
"774",1,2.77420197924982e-10,0.598687479758934
"775",1,1.59473523275722e-09,0.860960290346029
"776",1,0,0.446760055195462
"777",1,0,0.561059550107941
"778",1,0,0.544703906823003
"779",1,0,0.555565648742383
"780",1,2.99618383103883e-07,0.596021115678481
"781",1,2.81173606619944e-09,0.468306773646562
"782",1,0,0.404006627752493
"783",1,0,0.388234158235608
"784",1,0,0.358292897434195
"785",1,0.00018183483190759,0.649203374436212
"786",1,0,0.622630405188418
"787",1,9.33586541407294e-12,0.5815392992392
"788",1,0,0.369002332447372
"789",1,7.13177739086746e-10,0.545301025371441
"790",1,3.21220217092133e-09,0.861872456605353
"791",1,0.779560762868542,0.652642711834072
"792",1,0,0.553426349195027
"793",1,0.0035026477769794,0.711697934975475
"794",1,0.0381166063762688,0.443988755309441
"795",1,5.44009282066327e-15,0.752447934047474
"796",1,1.20444937624642e-05,0.509400244033365
"797",1,0,0.260307016948885
"798",1,2.4305775647715e-07,0.697851599145381
"799",1,0,0.291629117481343
"800",1,3.574918139293e-14,0.657510887361236
"801",1,1.09681153048768e-11,0.457369841102
"802",1,0.230131877246706,0.444421637917894
"803",1,3.2755678169849e-08,0.461890033804669
"804",1,0,0.497208950332547
"805",1,0.060433205284066,0.491574195435257
"806",1,2.56736771730992e-06,0.614826497233832
"807",1,5.55111512312578e-16,0.61297717316526
"808",1,1.11060382446126e-06,0.432022735800093
"809",1,0,0.501832126958107
"810",1,0,0.610720771639062
"811",1,4.84198084071963e-07,0.514308223692793
"812",1,0.041802191396399,0.387604969513609
"813",1,0,0.591746918731616
"814",1,0,0.669626535319636
"815",1,0,0.813964847279849
"816",1,0.194193079909909,0.432731415649903
"817",1,0,0.623453167864112
"818",1,0.00407289560154889,0.552159074897442
"819",1,0,0.268302645411481
"820",1,2.61003507695534e-09,0.634143099406771
"821",1,0,0.554147733224935
"822",1,0,0.700906581932028
"823",1,0,0.837377187987968
"824",1,0,0.746706059505277
"825",1,8.16706335526884e-06,0.664032030266605
"826",1,1.10134124042816e-13,0.61579409673556
"827",1,0,0.861929309582654
"828",1,0,0.707624289555649
"829",1,0.00565602593570713,0.897270822725012
"830",1,0,0.810004636204515
"831",1,7.91970175773038e-07,0.560093014449352
"832",1,2.27756880022412e-09,0.629274163967807
"833",1,0,0.334797846099079
"834",1,3.38270021993381e-07,0.740178315044543
"835",1,7.7715611723761e-16,0.693573079151868
"836",1,0,0.894816510537886
"837",1,0,0.540713243946021
"838",1,0,0.734333597061579
"839",1,0,0.572867535735841
"840",1,0.000726408444503446,0.68364022826113
"841",1,0.00298981033062706,0.44603826103327
"842",1,0.0083824663361497,0.677080843304989
"843",1,0.0194280848729489,0.430287637967635
"844",1,0,0.747836698729384
"845",1,0,0.852194803445481
"846",1,0.0525197387073157,0.446115126224741
"847",1,0.00289196928123348,0.454515191872754
"848",1,0.000103598537187777,0.665751991261102
"849",1,0,0.571858217965013
"850",1,1.06431038061627e-05,0.550807456260689
"851",1,0,0.502475686875725
"852",1,0,0.689552263394864
"853",1,2.04503081135954e-13,0.484584976249767
"854",1,3.41948691584548e-14,0.60016972489052
"855",1,0,0.637978937606318
"856",1,0.0119582252971565,0.441717334846479
"857",1,2.46367370948519e-11,0.735336103738321
"858",1,0,0.31380816418213
"859",1,0,0.653542532816097
"860",1,0,0.523438129319455
"861",1,1.11022302462516e-16,0.678469062898927
"862",1,1.86470732077559e-07,0.771192948824044
"863",1,0,0.679810937116054
"864",1,0.051929782138658,0.502409731146259
"865",1,0.0109391059231394,0.519074644253904
"866",1,0,0.543320739462382
"867",1,0,0.346544747713518
"868",1,0,0.596382573571537
"869",1,0,0.862757405974315
"870",1,0,0.599519975708553
"871",1,0,0.606535926460527
"872",1,2.08619039598901e-07,0.575795684583125
"873",1,0,0.750475335070682
"874",1,0,0.697490586659938
"875",1,0,0.322231998896435
"876",1,0,0.452646568794988
"877",1,0,0.481691942730745
"878",1,0,0.742700207955772
"879",1,0.0169774930999956,0.846020234885712
"880",1,0,0.814997890144847
"881",1,0,0.667895520568268
"882",1,0,0.613609204535235
"883",1,0,0.718736991397183
"884",1,0,0.656115630718179
"885",1,9.5387637788491e-09,0.665960494768816
"886",1,0.00233740236925428,0.540341548325958
"887",1,0,0.313804596121978
"888",1,0.0194713916725626,0.609191056330001
"889",1,2.91826671272588e-07,0.546408350631078
"890",1,0,0.915440634838284
"891",1,2.61983916782782e-08,0.707132428438139
"892",1,0,0.565212940671467
"893",1,0,0.639762391205688
"894",1,9.21899080288391e-05,0.483651014953361
"895",1,0.387972548020345,0.788305524627616
"896",1,0,0.790341420116497
"897",1,0,0.64279730454939
"898",1,0,0.663738743758441
"899",1,0,0.573010683941849
"900",1,0.0149994070799511,0.450611731859887
"901",1,0.0727248383554726,0.607316430296954
"902",1,0,0.464803617520923
"903",1,0,0.359278902534137
"904",1,0,0.890510270282385
"905",1,0,0.745262107558048
"906",1,0,0.580723467432695
"907",1,0.0733883667167982,0.777374366560613
"908",1,0,0.906775708196658
"909",1,0,0.629800848773863
"910",1,1.11022302462516e-16,0.496854019044065
"911",1,1.07823749928571e-11,0.678282417680698
"912",1,1.60310379948569e-05,0.557562403069048
"913",1,0.000293634331423598,0.533141285525646
"914",1,0,0.661263086564032
"915",1,1.73749903353837e-13,0.559146978807719
"916",1,4.28611501845921e-08,0.396021438714207
"917",1,0,0.587091229064847
"918",1,0,0.750004893205004
"919",1,0,0.817509752232783
"920",1,5.03056485356979e-11,0.760074187897992
"921",1,1.56541446472147e-14,0.700335360807921
"922",1,0.058701919955525,0.641471698920428
"923",1,0.00122787798302704,0.374007112442195
"924",1,0,0.69646293660173
"925",1,0,0.84759063722237
"926",1,0,0.670290628195854
"927",1,0.000447281187711868,0.646603424022695
"928",1,5.55325534987716e-05,0.68512333897201
"929",1,0.162559356333196,0.563711773823886
"930",1,0,0.822178689425507
"931",1,3.24418270025717e-12,0.568789541463951
"932",1,2.20934381900406e-14,0.449285472109463
"933",1,5.77315972805081e-15,0.753720814692209
"934",1,0,0.266172328829517
"935",1,0,0.611657673383087
"936",1,0,0.817971612082424
"937",1,0,0.628090655094204
"938",1,0,0.538269728618163
"939",1,0,0.805447029459369
"940",1,0.00016166906878512,0.569391340759394
"941",1,0.000341895220858146,0.512782495800007
"942",1,0,0.486814233069011
"943",1,1.11499698363104e-12,0.732128502712099
"944",1,0,0.569955934806661
"945",1,0,0.537918051382642
"946",1,0,0.649846572749354
"947",1,0,0.513507697716253
"948",1,0,0.712714249357439
"949",1,0,0.408659617750257
"950",1,0,0.879317738084316
"951",1,0,0.567571446037178
"952",1,1.10572329070635e-10,0.552729640481642
"953",1,0,0.675853754773374
"954",1,2.20472529122162e-11,0.719790139825419
"955",1,0,0.384692847315836
"956",1,2.18713935851156e-14,0.592974599175538
"957",1,0,0.603278808906119
"958",1,2.25375273998907e-14,0.305642311381504
"959",1,0.64539321409091,0.654930843012023
"960",1,0,0.564377258662375
"961",1,0.0168469637881049,0.809672849326349
"962",1,0.0181728985542836,0.501412790066879
"963",1,0,0.687252811051183
"964",1,1.47169091357924e-08,0.393695643973523
"965",1,0.0228430706407696,0.5746050481297
"966",1,0.00400266552530038,0.624421813698802
"967",1,0.4619944921798,0.591594559125547
"968",1,0,0.800166153994724
"969",1,0.0594730596720625,0.838137326595581
"970",1,0,0.798821344103561
"971",1,0,0.746647177466598
"972",1,0.00562504189285307,0.568231356713986
"973",1,0,0.693317894078472
"974",1,0,0.750009584117947
"975",1,0,0.558348930332426
"976",1,1.00142116821189e-13,0.143823072149542
"977",1,0,0.638253553093605
"978",1,0,0.71937894281933
"979",1,0,0.758657180405549
"980",1,0,0.434252264667099
"981",1,0,0.647799892980374
"982",1,0.0550423635334631,0.334141133864581
"983",1,3.5527136788005e-15,0.73632895988485
"984",1,0,0.555589170702097
"985",1,0.0297378027423126,0.654968109833054
"986",1,0.46816557740424,0.73651673478825
"987",1,0,0.416803259644232
"988",1,0.818104301337513,0.735417467123662
"989",1,0.0363229996729437,0.468627211317079
"990",1,0,0.744578543000766
"991",1,7.80658987675764e-07,0.774137839987702
"992",1,0,0.770700011701318
"993",1,2.26387275592543e-09,0.716361324780149
"994",1,0.0571965996273613,0.643945249139444
"995",1,0,0.761507676295368
"996",1,1.91455962796905e-05,0.465496714616624
"997",1,0,0.721547550944512
"998",1,9.34386348736549e-05,0.397508443660594
"999",1,6.33101837136385e-05,0.51608519637611
"1000",1,0.00428567211872533,0.617280554741806
"1001",1,0,0.222102334105145
"1002",1,0,0.422401693904642
"1003",1,0,0.725761496273733
"1004",1,0.00590734378420488,0.532952610951992
"1005",1,2.97666014059672e-07,0.497099586684104
"1006",1,0,0.586981293137633
"1007",1,2.25708340906294e-13,0.434605300153961
"1008",1,0,0.482779697062585
"1009",1,0,0.445679253674665
"1010",1,0,0.782293516973938
"1011",1,0,0.491195256471611
"1012",1,0.465367626211525,0.636443010088991
"1013",1,0,0.592102591613137
"1014",1,1.7955292808125e-10,0.581120202254073
"1015",1,0,0.580086911434802
"1016",1,0,0.550082901460377
"1017",1,0,0.742053893043593
"1018",1,0,0.38665059513741
"1019",1,0.0816672849013207,0.608802440561301
"1020",1,0,0.659189366598128
"1021",1,0,0.494183983212504
"1022",1,0.335530377001828,0.551127164812362
"1023",1,4.62334329198733e-06,0.793815234354887
"1024",1,2.46125342329151e-12,0.569748948239176
"1025",1,0,0.605785935026041
"1026",1,0,0.847357996615109
"1027",1,0.690663041328418,0.656424171927958
"1028",1,0,0.654203795550346
"1029",1,7.55106754901647e-10,0.331328113977577
"1030",1,0.656476518327122,0.652721380872815
"1031",1,2.01019129120183e-08,0.599420766073117
"1032",1,3.38596354287901e-08,0.823400784198773
"1033",1,1.11022302462516e-16,0.712684188074438
"1034",1,0.208162406685909,0.591615521454441
"1035",1,4.45199432874688e-13,0.53384182838498
"1036",1,0,0.65170749103404
"1037",1,0,0.636233746350372
"1038",1,1.11022302462516e-16,0.856766351699097
"1039",1,0.293779250789712,0.428364138652668
"1040",1,2.07307222932496e-06,0.62148452052724
"1041",1,0,0.342427075059397
"1042",1,7.44682093767324e-12,0.629934832258751
"1043",1,2.33146835171283e-15,0.517661975405214
"1044",1,0.193417983787968,0.594280866442699
"1045",1,1.13197229367756e-10,0.512469333719428
"1046",1,0,0.539548367386617
"1047",1,0,0.905277025130503
"1048",1,0,0.486986219759668
"1049",1,0,0.880081837963895
"1050",1,0,0.424437301562042
"1051",1,0,0.488076811346359
"1052",1,3.01404456948262e-11,0.833406629056464
"1053",1,0,0.660377937913974
"1054",1,0,0.589978085682631
"1055",1,0,0.430701549160263
"1056",1,0.00397585090281771,0.407384957201936
"1057",1,2.60902410786912e-14,0.393730382210617
"1058",1,0,0.532502515813647
"1059",1,6.95511648274305e-10,0.669019564655837
"1060",1,0,0.65205599897609
"1061",1,1.22307009720046e-06,0.685276557125655
"1062",1,0,0.728738133260554
"1063",1,0,0.603964310220857
"1064",1,0,0.675201983999576
"1065",1,1.65359197001891e-07,0.467064934785938
"1066",1,0,0.380372871187513
"1067",1,0,0.4016314675214
"1068",1,0,0.336054397037325
"1069",1,0,0.646474441264205
"1070",1,0,0.720623553302185
"1071",1,0,0.636568818272052
"1072",1,0,0.266444685423887
"1073",1,0,0.823077104510503
"1074",1,0.22043805502235,0.882224951990882
"1075",1,0,0.70751417032763
"1076",1,4.55191440096314e-15,0.353524193205617
"1077",1,0,0.687100392348819
"1078",1,2.35891448208125e-06,0.73119732659346
"1079",1,9.78883640812001e-13,0.574061340772893
"1080",1,0,0.320807023312712
"1081",1,1.85407245112401e-14,0.694085415400975
"1082",1,0,0.66851106337659
"1083",1,3.20914722817811e-06,0.644127235681794
"1084",1,0,0.573721782937305
"1085",1,0,0.85737236576085
"1086",1,0,0.806527199287956
"1087",1,0,0.582861095919924
"1088",1,0,0.588223025053933
"1089",1,0,0.632394034648369
"1090",1,0.888977602192051,0.692754748024443
"1091",1,0,0.720187137411674
"1092",1,0,0.758051024772905
"1093",1,0,0.761300601794161
"1094",1,5.03307019394938e-08,0.640645814298501
"1095",1,0,0.722694459830094
"1096",1,0.738797073948308,0.648300642303355
"1097",1,1.54044079159199e-07,0.463987850638001
"1098",1,4.59008380193637e-08,0.556553076051543
"1099",1,0.00671690035228367,0.700829399314123
"1100",1,0,0.587007242797591
"1101",1,2.97428748297079e-13,0.452653498913063
"1102",1,2.22044604925031e-16,0.461204180737998
"1103",1,0,0.845417133678774
"1104",1,0,0.232293845247682
"1105",1,0,0.93926715565081
"1106",1,0.000316523690784831,0.821144891570008
"1107",1,0.136791741537557,0.659813567355926
"1108",1,5.31801558911749e-06,0.722564491815636
"1109",1,0,0.678540362499851
"1110",1,2.53611354139593e-10,0.419132222473675
"1111",1,5.17571285975071e-05,0.501994658278051
"1112",1,0.0517101492282299,0.756733357327476
"1113",1,0,0.755769343136685
"1114",1,0.0407556050295613,0.647341660518963
"1115",1,0,0.63486060153736
"1116",1,2.12615369754587e-10,0.71553542290419
"1117",1,0,0.633286404775184
"1118",1,0,0.791451180304809
"1119",1,0,0.720969456155436
"1120",1,1.51945123150199e-12,0.516519106694339
"1121",1,1.70543561717196e-07,0.523274708124644
"1122",1,0,0.61666335189314
"1123",1,0,0.577304598301492
"1124",1,0,0.508985317222129
"1125",1,0,0.508941526159182
"1126",1,0,0.200322044442571
"1127",1,0,0.764613710654259
"1128",1,0,0.592994694383744
"1129",1,3.60507058205783e-07,0.600068708759585
"1130",1,0,0.904914537122933
"1131",1,0,0.528051513407325
"1132",1,3.66049213162967e-09,0.574730432506433
"1133",1,0,0.630949506674086
"1134",1,0,0.590250887473891
"1135",1,0,0.306866072107288
"1136",1,0,0.873043648601375
"1137",1,0.0004952787761211,0.660717448942565
"1138",1,0,0.547359394455705
"1139",1,2.88657986402541e-15,0.470657977067842
"1140",1,0.139769538835703,0.331997451459702
"1141",1,0,0.85381203192501
"1142",1,0.0285640512639075,0.734065387530157
"1143",1,3.11277483011629e-07,0.669207574972643
"1144",1,0,0.844685715277259
"1145",1,0,0.535138479911948
"1146",1,4.02365918361625e-11,0.620194526469687
"1147",1,1.0325074129014e-14,0.659658953966699
"1148",1,8.31029665881999e-06,0.575184851534177
"1149",1,1.22993331075349e-08,0.596873300003729
"1150",1,0.198543999174036,0.379440067502539
"1151",1,6.78894840344668e-09,0.874326764378262
"1152",1,1.32638344751967e-12,0.808152323202869
"1153",1,1.33226762955019e-15,0.651012548782036
"1154",1,0,0.829996118951706
"1155",1,0,0.549533850163121
"1156",1,0,0.60736817625992
"1157",1,0,0.66203331797373
"1158",1,0.274986939594467,0.597947172100884
"1159",1,0.193117583290434,0.688141608311867
"1160",1,4.78802901326958e-07,0.450293105265299
"1161",1,0,0.719214404610273
"1162",1,0,0.433071702881583
"1163",1,0,0.745574394405133
"1164",1,0,0.485764319344182
"1165",1,0,0.694997301431959
"1166",1,0,0.678172965482051
"1167",1,0,0.675460546299114
"1168",1,1.29370958390496e-11,0.267938836994787
"1169",1,1.66093284348356e-06,0.310765134374528
"1170",1,2.12337925020734e-11,0.435378450292983
"1171",1,0,0.629774546889931
"1172",1,1.4356588899922e-06,0.506336728838595
"1173",1,0,0.557399166367644
"1174",1,0.778179091435054,0.763428487069591
"1175",1,0,0.917814008010775
"1176",1,1.11022302462516e-16,0.602531611045992
"1177",1,0,0.729416661631145
"1178",1,0.00291998043029318,0.570583383576756
"1179",1,0.000791394021797176,0.406028854449835
"1180",1,3.8843628313856e-10,0.593271793182239
"1181",1,0,0.637759556713887
"1182",1,0,0.671313772438701
"1183",1,1.08212454208445e-06,0.495172783800296
"1184",1,0,0.546399028632794
"1185",1,0,0.545374189174348
"1186",1,3.20188320301895e-13,0.671852274739582
"1187",1,0,0.553981084450761
"1188",1,0.0608361402713182,0.566834620163958
"1189",1,0.120757957934142,0.627599794448316
"1190",1,0,0.607069140796906
"1191",1,1.67532654415936e-13,0.381813796122465
"1192",1,1.58302482233807e-10,0.53141556671965
"1193",1,6.99440505513849e-15,0.799013694173317
"1194",1,0,0.62753153578698
"1195",1,0,0.792920775750972
"1196",1,0,0.482556160120514
"1197",1,0.260410742832031,0.742888733873586
"1198",1,0,0.692060183255826
"1199",1,1.52425849719862e-11,0.701648948063678
"1200",1,1.54321000422897e-14,0.638756619936805
"1201",1,7.37730987410146e-11,0.698740456039691
"1202",1,0.000225128763797988,0.583047847906912
"1203",1,1.82420745176159e-12,0.60064053596879
"1204",1,9.14823772291129e-14,0.655803670986712
"1205",1,1.03075659119156e-10,0.574382383430881
"1206",1,0.181093936941522,0.729782139874113
"1207",1,1.83119487143779e-05,0.766145322518888
"1208",1,0.203002867938813,0.607655074622508
"1209",1,0,0.673684719281307
"1210",1,0,0.746239308367172
"1211",1,0,0.826004421521644
"1212",1,0,0.844870592368772
"1213",1,0,0.547403240250011
"1214",1,0.0147364240436521,0.721301090231436
"1215",1,0,0.585494607254152
"1216",1,1.19394820252694e-07,0.556982251271503
"1217",1,0,0.690730956872694
"1218",1,1.85157611465314e-09,0.549534352813149
"1219",1,0.0256707371849981,0.60192769107313
"1220",1,0,0.707292644626848
"1221",1,5.29639513358049e-08,0.4820257664239
"1222",1,0,0.572718800565022
"1223",1,0,0.852015987410738
"1224",1,1.11404108160684e-10,0.684458623100469
"1225",1,0.713595216970946,0.94382670173851
"1226",1,0,0.489155092190476
"1227",1,5.16919840265473e-13,0.783390341723381
"1228",1,0,0.53000069516778
"1229",1,0,0.54815621755666
"1230",1,3.92362808909752e-11,0.869924295238402
"1231",1,0,0.658543545824628
"1232",1,0,0.539991660010328
"1233",1,0,0.641350439722622
"1234",1,0,0.344721691598182
"1235",1,0,0.691907788079299
"1236",1,0,0.288599699543281
"1237",1,1.55149285641087e-07,0.528097086072136
"1238",1,0,0.734479073225334
"1239",1,0,0.647000276678085
"1240",1,2.18754925285225e-09,0.72197817003988
"1241",1,0,0.84678309516704
"1242",1,0,0.766863169966161
"1243",1,1.47659662275146e-13,0.392480140932664
"1244",1,0,0.661965213144124
"1245",1,0,0.43391962347672
"1246",1,6.23143758815559e-11,0.210933023502464
"1247",1,0,0.770731199986562
"1248",1,1.90135807320857e-07,0.561910377747415
"1249",1,0,0.732749156868733
"1250",1,0,0.481084043236658
"1251",1,0.0278444351211798,0.577469031618744
"1252",1,2.95763413760142e-13,0.443242605839805
"1253",1,7.04924223438042e-08,0.698286959398082
"1254",1,0,0.664291433446619
"1255",1,0,0.743571785868422
"1256",1,2.70894418008538e-14,0.76555949383033
"1257",1,0,0.643140339554787
"1258",1,3.43336903352309e-09,0.547038460368841
"1259",1,0,0.662132911022721
"1260",1,6.00308691645068e-12,0.667876835646033
"1261",1,0,0.710327887669559
"1262",1,0.93891095457915,0.612318392330033
"1263",1,0.404003057869387,0.491810477269295
"1264",1,0,0.937422117650522
"1265",1,0.0105006916507074,0.610489922413486
"1266",1,1.11022302462516e-16,0.645611702947837
"1267",1,5.81054104831225e-09,0.573447199722057
"1268",1,0,0.734111246086431
"1269",1,0,0.79954407453341
"1270",1,0,0.67229699237989
"1271",1,1.7430501486615e-14,0.514169781459381
"1272",1,0.000563431487257793,0.650235637077013
"1273",1,0.000417374439479645,0.324900037368912
"1274",1,0.072781318811744,0.660641697217311
"1275",1,2.33322276387282e-05,0.775096898755583
"1276",1,0,0.631904314196672
"1277",1,0,0.772403617403822
"1278",1,1.89806170780571e-10,0.687547326456672
"1279",1,0,0.610892235688169
"1280",1,0,0.705426691036908
"1281",1,0.0160493940503883,0.498755343598684
"1282",1,0.00186976140052697,0.592191549339172
"1283",1,0,0.633733503107687
"1284",1,0,0.628185740066005
"1285",1,3.74049667906107e-08,0.699046931181004
"1286",1,0.000373902840028584,0.624027342281206
"1287",1,0,0.704937618738437
"1288",1,0,0.487730373180503
"1289",1,0,0.747928027652318
"1290",1,0,0.700721261527487
"1291",1,0,0.511556959582166
"1292",1,0,0.778109354022377
"1293",1,0,0.419533262735651
"1294",1,0,0.549020993868007
"1295",1,0,0.457350760954649
"1296",1,0,0.743243702087653
"1297",1,0,0.693152501574383
"1298",1,0,0.781982658480328
"1299",1,0.000285514007039578,0.565262862909358
"1300",1,0,0.617963243234625
"1301",1,0,0.585301644819291
"1302",1,1.43218770176645e-13,0.773347565038026
"1303",1,1.20955296889491e-08,0.537669147678719
"1304",1,0.33402281365118,0.620598681015541
"1305",1,0,0.540388758106524
"1306",1,0.910948005467435,0.543367501541908
"1307",1,0,0.639072498808867
"1308",1,3.4302506279893e-08,0.662674973165616
"1309",1,0,0.75387109450106
"1310",1,0,0.785113757252184
"1311",1,6.53621601287568e-11,0.329780827463426
"1312",1,0,0.75644120113385
"1313",1,0,0.470801820972095
"1314",1,0,0.730903501913919
"1315",1,2.22044604925031e-16,0.65919637386701
"1316",1,0,0.557093320777881
"1317",1,0,0.865829760892557
"1318",1,1.87929622809113e-05,0.665981213202034
"1319",1,4.49096315691122e-12,0.603379940341694
"1320",1,0.0285537044595136,0.65248862343103
"1321",1,1.59632310703373e-08,0.516110566340714
"1322",1,7.12714083894728e-06,0.739171044369272
"1323",1,1.92250611574796e-06,0.714874259919145
"1324",1,5.20841636930669e-06,0.638486726857911
"1325",1,0,0.678413517850619
"1326",1,1.11688436277291e-12,0.653645027914223
"1327",1,0,0.551723089758441
"1328",1,1.53219554266393e-07,0.49343879340423
"1329",1,0.0511591645512895,0.594660540114524
"1330",1,0,0.622490046777464
"1331",1,0.000250044621700862,0.526811654732747
"1332",1,0,0.817201705894773
"1333",1,0,0.691217752752782
"1334",1,2.22044604925031e-16,0.698841984588671
"1335",1,0,0.549309722695581
"1336",1,0,0.375055536198263
"1337",1,2.93676665330533e-05,0.600594036817539
"1338",1,0,0.390468650962253
"1339",1,0,0.61666187080565
"1340",1,0,0.606220151513066
"1341",1,2.8836686634448e-05,0.668124795094328
"1342",1,0,0.651271212448822
"1343",1,0,0.508570555928776
"1344",1,3.23607807217741e-12,0.512236569161278
"1345",1,0,0.454960124227897
"1346",1,9.32587340685131e-15,0.739453234298796
"1347",1,0,0.710548531259642
"1348",1,8.6275749877629e-09,0.63719194422195
"1349",1,0,0.877035709047187
"1350",1,0,0.762789797803041
"1351",1,0,0.631490914893429
"1352",1,2.44249065417534e-15,0.607823708316643
"1353",1,0,0.84283837523635
"1354",1,4.90178310397216e-06,0.523522926042825
"1355",1,0,0.511787326665964
"1356",1,0,0.676507932718565
"1357",1,0,0.483725693477812
"1358",1,0.175314648705043,0.856867156542313
"1359",1,4.94082552648933e-12,0.771794848389079
"1360",1,0,0.783016273668814
"1361",1,4.68987021573497e-06,0.486584153036016
"1362",1,0,0.884128172071119
"1363",1,0,0.811244892403048
"1364",1,3.33352234704876e-11,0.604524742286371
"1365",1,0,0.650099543833444
"1366",1,2.37020412852118e-07,0.725106709313503
"1367",1,4.75179108283541e-08,0.423456453899269
"1368",1,0,0.796412763630957
"1369",1,0,0.690014388131877
"1370",1,0,0.41609150465665
"1371",1,0,0.652024225180537
"1372",1,0.000184091973182476,0.419731258086473
"1373",1,0.391531012034895,0.624100346256439
"1374",1,9.56582850375476e-07,0.569152937818066
"1375",1,0,0.472638810111174
"1376",1,0,0.42803453299034
"1377",1,0.000180785702560748,0.562048994953292
"1378",1,0,0.732226720252074
"1379",1,0.000148388164845081,0.602152921071017
"1380",1,1.1197154314857e-11,0.596665795628368
"1381",1,0.676681444658577,0.574806180433862
"1382",1,0.000100385376773926,0.627571521745503
"1383",1,5.29240418156718e-09,0.736109189909382
"1384",1,4.62596627670564e-12,0.547159700522637
"1385",1,2.07611705604904e-14,0.459672865421792
"1386",1,1.55431223447522e-15,0.716541622307574
"1387",1,1.11022302462516e-16,0.736518363164337
"1388",1,0,0.527699908243798
"1389",1,6.26081053667349e-09,0.447047957166847
"1390",1,3.34965388759656e-12,0.337125868834437
"1391",1,0,0.541764011363142
"1392",1,0,0.711027865837804
"1393",1,0,0.428959419597737
"1394",1,0.00112533279491767,0.55612965300399
"1395",1,8.57462683412358e-06,0.565965852145931
"1396",1,2.9336977291905e-11,0.594513703740456
"1397",1,0,0.664954711096337
"1398",1,0,0.516527644586139
"1399",1,0,0.677078140402173
"1400",1,0.323240499781432,0.536229799862266
"1401",1,4.39951693964602e-08,0.493394445598368
"1402",1,0.000196578297720906,0.74149820489791
"1403",1,0,0.573771493480071
"1404",1,0.0291481381044608,0.560456564774127
"1405",1,0,0.582084849453648
"1406",1,0,0.487387445401099
"1407",1,2.72004641033163e-14,0.764945887831453
"1408",1,1.11022302462516e-16,0.369299940616177
"1409",1,0,0.572949344303556
"1410",1,5.55111512312578e-16,0.877131249495678
"1411",1,0.00686876667054725,0.486350161440184
"1412",1,4.44094504414849e-06,0.605439921010959
"1413",1,0,0.891928931597659
"1414",1,0,0.841796638576046
"1415",1,0,0.464614267271968
"1416",1,2.22044604925031e-16,0.549768820601575
"1417",1,0,0.720233144269439
"1418",1,0,0.56030886165649
"1419",1,0,0.449702575934797
"1420",1,7.7715611723761e-16,0.512345462709783
"1421",1,0.00551199836729233,0.511212720927568
"1422",1,0,0.765760426018586
"1423",1,5.69105107484091e-09,0.270846152926094
"1424",1,3.530509218308e-14,0.544814398238964
"1425",1,0,0.676646570826182
"1426",1,0.635103204115046,0.509162120754928
"1427",1,0,0.745575483652905
"1428",1,6.21724893790088e-15,0.629043878608861
"1429",1,0,0.626087050687509
"1430",1,0,0.497620987867271
"1431",1,0,0.611843555474388
"1432",1,0.462957409122034,0.785920817391133
"1433",1,1.72279002175202e-09,0.343612482739935
"1434",1,0,0.177280076693778
"1435",1,0,0.669878753362784
"1436",1,0,0.378346052487597
"1437",1,0,0.81433393719914
"1438",1,0,0.931743493432878
"1439",1,0,0.529623494782487
"1440",1,0,0.431403700162651
"1441",1,6.98249398967121e-07,0.760357957524389
"1442",1,1.31561428418081e-13,0.747617509712163
"1443",1,3.81320906961413e-07,0.806709758074559
"1444",1,2.33146835171283e-15,0.661915621775785
"1445",1,0,0.387046383590574
"1446",1,0.093011179376142,0.761607466236463
"1447",1,0,0.538766496567686
"1448",1,0.000353560136310715,0.663919330302777
"1449",1,1.78946624007637e-06,0.683328899052988
"1450",1,1.6041211692297e-09,0.708461351164367
"1451",1,0,0.72046032882472
"1452",1,0,0.29231782430014
"1453",1,0,0.489088887936855
"1454",1,0,0.83475507783911
"1455",1,0,0.587473625459098
"1456",1,0,0.683299784457039
"1457",1,1.42431767912177e-05,0.843640480969086
"1458",1,0.000220763971180982,0.600631703457099
"1459",1,0,0.635621106324851
"1460",1,0,0.626687217107638
"1461",1,4.2843786102309e-05,0.512671829763345
"1462",1,1.73730213548495e-07,0.85940368856934
"1463",1,0,0.479265711101459
"1464",1,4.8756221282531e-11,0.850563999366266
"1465",1,0,0.629146950707422
"1466",1,1.10735978378074e-05,0.75954326820682
"1467",1,0,0.431885386271476
"1468",1,0.00125863205566945,0.534223436316655
"1469",1,0.0423583391523726,0.621971198005522
"1470",1,0,0.55687343781915
"1471",1,0,0.43761760223319
"1472",1,0.671663936302115,0.594654789615402
"1473",1,1.4432899320127e-15,0.489090390643227
"1474",1,2.14756893934798e-07,0.4336754405644
"1475",1,0,0.600026944878148
"1476",1,0,0.800540529292678
"1477",1,0.81987463075453,0.773694622463787
"1478",1,0,0.733659588740794
"1479",1,0,0.612485226219469
"1480",1,0.0618448016216294,0.467464587577886
"1481",1,0.00777482794533202,0.733785632331648
"1482",1,0,0.822766498376849
"1483",1,0,0.579653920042544
"1484",1,0.0463452143824574,0.903937116481047
"1485",1,0,0.598329305907365
"1486",1,0,0.521636395899679
"1487",1,6.56684604901647e-05,0.580692475151124
"1488",1,0,0.575336044312171
"1489",1,0,0.819527949640107
"1490",1,0,0.466654039123381
"1491",1,0,0.633736862101741
"1492",1,0.465454279589313,0.595810605460447
"1493",1,2.7281390513334e-07,0.679855939621509
"1494",1,6.04625905491485e-05,0.740412993279795
"1495",1,0.366567881476223,0.887860690316687
"1496",1,3.10862446895044e-15,0.465787012077157
"1497",1,0,0.693438437577999
"1498",1,0,0.546442604883148
"1499",1,4.55191440096314e-15,0.83112373067958
"1500",1,0,0.722601334110999
"1501",1,4.30682026708595e-08,0.465707781990517
"1502",1,0,0.564107924216892
"1503",1,0.104665248903261,0.714081903203655
"1504",1,1.11022302462516e-16,0.806351495166144
"1505",1,0,0.823071392284566
"1506",1,0,0.500996714342115
"1507",1,0.0125034796513159,0.821505973257636
"1508",1,0.0112456751145591,0.672812083305668
"1509",1,0.00112658727230475,0.466669984632539
"1510",1,0,0.795482849295296
"1511",1,1.11022302462516e-16,0.622700038601604
"1512",1,5.19011798982838e-07,0.789072931474126
"1513",1,0,0.63273487174502
"1514",1,1.40255806968526e-10,0.597491747578374
"1515",1,0,0.467739702580533
"1516",1,2.46469511466785e-13,0.57345980775069
"1517",1,1.61823258117977e-05,0.636665393641713
"1518",1,0,0.620978408670086
"1519",1,0,0.688326873991665
"1520",1,1.19076637439264e-10,0.65000052352339
"1521",1,0,0.723850133854345
"1522",1,0,0.607982774264507
"1523",1,8.18892620380041e-10,0.635003347038298
"1524",1,0,0.959502495633467
"1525",1,2.24578178084078e-05,0.541108554890479
"1526",1,0,0.638899873884321
"1527",1,0,0.626224212589044
"1528",1,0,0.46457702299408
"1529",1,2.29397209229321e-05,0.534853679510613
"1530",1,2.44948505923048e-12,0.605974392016274
"1531",1,2.68771560563152e-10,0.718225973747588
"1532",1,2.22044604925031e-16,0.652887142410499
"1533",1,1.11022302462516e-16,0.656177082077261
"1534",1,1.60931552528609e-08,0.491303124288286
"1535",1,0.00178563360837969,0.503193474708289
"1536",1,0,0.747584592678175
"1537",1,0,0.47935856016472
"1538",1,0,0.603438670955425
"1539",1,0,0.627484829845176
"1540",1,0,0.649815787247736
"1541",1,0,0.621966711428639
"1542",1,0,0.620429151620333
"1543",1,0,0.801323912783681
"1544",1,3.10199833288838e-05,0.372617854252406
"1545",1,8.54871728961371e-15,0.668651516000416
"1546",1,0,0.81885417039197
"1547",1,0,0.631832369904476
"1548",1,0.000380554407257705,0.528916275248196
"1549",1,0,0.719998670884951
"1550",1,0,0.416530780838608
"1551",1,0,0.543909929765056
"1552",1,0,0.814880649499687
"1553",1,0,0.516394873118877
"1554",1,4.78506123613442e-14,0.498656265969992
"1555",1,0.00280295694333377,0.507772615661364
"1556",1,0,0.712853764312516
"1557",1,0,0.734789491204089
"1558",1,0,0.619404373579176
"1559",1,4.32986979603811e-15,0.692759054575635
"1560",1,6.95377481130244e-06,0.704696504583614
"1561",1,0,0.765562112598649
"1562",1,1.68480784878966e-11,0.676706410068455
"1563",1,2.24931184789057e-13,0.621897479915164
"1564",1,7.04839727039275e-06,0.69509428844792
"1565",1,0,0.799399117025005
"1566",1,0,0.52763421857192
"1567",1,9.59613832840489e-10,0.446267971914005
"1568",1,0,0.711211804210289
"1569",1,5.98949681496208e-06,0.604595990556516
"1570",1,0,0.643034634722229
"1571",1,0,0.755719843657565
"1572",1,0,0.371665271804529
"1573",1,0,0.540489049112335
"1574",1,0,0.90353384348559
"1575",1,0,0.666435278917964
"1576",1,0,0.816646086280498
"1577",1,1.90214510809028e-12,0.569649020452895
"1578",1,0,0.637329919418173
"1579",1,0.000638605493726407,0.491005789697555
"1580",1,0.0522184611406269,0.816732010721977
"1581",1,0,0.51618352246966
"1582",1,0,0.659237478464548
"1583",1,0.202560993241145,0.63816249751728
"1584",1,0.000332758069888639,0.756264472253969
"1585",1,7.7715611723761e-16,0.725488838409534
"1586",1,0,0.512113224854908
"1587",1,0,0.712480567523294
"1588",1,1.19161347456043e-11,0.399986929902626
"1589",1,1.11022302462516e-15,0.78669695528371
"1590",1,0,0.607332935173421
"1591",1,0,0.824768277481691
"1592",1,0,0.848895624440711
"1593",1,0,0.686089249505724
"1594",1,0,0.614169718042561
"1595",1,0,0.369454566850097
"1596",1,2.08520760502928e-06,0.617231443802723
"1597",1,0,0.492065955858933
"1598",1,0.0608047195969992,0.393466661821554
"1599",1,0,0.764174439640592
"1600",1,5.55111512312578e-16,0.415365348233862
"1601",1,0,0.801471837197268
"1602",1,0,0.568434207663593
"1603",1,0,0.704117617704265
"1604",1,0,0.585382609560441
"1605",1,1.4033026087823e-06,0.597322349114589
"1606",1,6.2852417626047e-07,0.737025935786379
"1607",1,0,0.374479173968921
"1608",1,1.06571418356793e-11,0.533893352570957
"1609",1,0,0.806159906861944
"1610",1,0,0.829980154525828
"1611",1,1.98396854500515e-13,0.651440533328423
"1612",1,2.35556019134719e-12,0.444314244412616
"1613",1,7.3625840191216e-07,0.766644363700291
"1614",1,3.33066907387547e-16,0.470434324938187
"1615",1,2.42490556523478e-08,0.842203658769696
"1616",1,0,0.503228953882409
"1617",1,0,0.710336281232872
"1618",1,0,0.574921743531805
"1619",1,1.11022302462516e-15,0.453057790811106
"1620",1,0,0.611776285849078
"1621",1,0,0.543680937524016
"1622",1,1.11022302462516e-16,0.631141658270459
"1623",1,0.0805043765199507,0.467553858346165
"1624",1,0,0.686902796827095
"1625",1,0,0.494789262591515
"1626",1,0,0.584185048094913
"1627",1,0.00350616853436736,0.570115073305904
"1628",1,0,0.69036905199735
"1629",1,1.33781874467331e-13,0.630032286598723
"1630",1,1.39489531036929e-11,0.536040470113441
"1631",1,0.0161944366333345,0.408555836159427
"1632",1,0,0.673222545638241
"1633",1,0,0.471304029139124
"1634",1,0,0.857899139582869
"1635",1,2.65160257495456e-06,0.766656688504639
"1636",1,6.98309489084448e-05,0.706569246934382
"1637",1,0,0.766483440009341
"1638",1,0.251676531118163,0.65169994974192
"1639",1,0,0.655710981370106
"1640",1,0,0.589354811224553
"1641",1,1.35384259358773e-10,0.664816438861488
"1642",1,0,0.662499313149619
"1643",1,0,0.585056773203554
"1644",1,0,0.496706866234766
"1645",1,1.69086966650411e-13,0.478712884887509
"1646",1,0,0.838912329570005
"1647",1,1.11022302462516e-16,0.598355111393814
"1648",1,0.011018862089572,0.598769225113795
"1649",1,0.0203671449731573,0.634433535498938
"1650",1,0,0.80570436248141
"1651",1,0,0.828820385549788
"1652",1,0,0.568814459232182
"1653",1,0,0.773997252007563
"1654",1,0,0.54513454000298
"1655",1,0,0.607902721237591
"1656",1,0.404658321042762,0.676747179885736
"1657",1,0,0.632811877042377
"1658",1,0.52913700691574,0.467646705345073
"1659",1,0.00432069011529912,0.569505166998797
"1660",1,0,0.638336626037561
"1661",1,0,0.757153297096833
"1662",1,0.0495548072719257,0.74493590915984
"1663",1,0,0.716725582542142
"1664",1,0.0406482947516233,0.673552029590883
"1665",1,0,0.914476575320524
"1666",1,0,0.651160083426785
"1667",1,1.11022302462516e-16,0.596102811120436
"1668",1,0,0.575169547341826
"1669",1,0,0.665539514212725
"1670",1,0,0.525978711681786
"1671",1,0.00648583787641632,0.682639494464329
"1672",1,2.69933453367344e-09,0.487461888645917
"1673",1,0,0.584714994199728
"1674",1,0.0163374224533334,0.568010685610026
"1675",1,0,0.564649161397763
"1676",1,0.0034713421040633,0.540212650133869
"1677",1,0,0.535481425576303
"1678",1,0,0.713582399685332
"1679",1,0,0.356266154707022
"1680",1,1.11022302462516e-16,0.484460862196263
"1681",1,1.35662326927743e-08,0.607959723628741
"1682",1,0.000311162479810334,0.564465084142503
"1683",1,0,0.712882391829459
"1684",1,0,0.695776926460567
"1685",1,0,0.794846126200816
"1686",1,1.4432899320127e-15,0.608172967867221
"1687",1,1.76479585389799e-08,0.693847484276526
"1688",1,1.38600197985284e-09,0.575804938620134
"1689",1,0,0.842382715782512
"1690",1,0,0.778867173160474
"1691",1,0,0.323153020277693
"1692",1,5.41270337994781e-07,0.504520723057003
"1693",1,0,0.337835403373829
"1694",1,1.39817935007613e-10,0.67302536716875
"1695",1,2.28996803636194e-05,0.522735953139284
"1696",1,7.4450112741431e-11,0.430952806302792
"1697",1,4.09049827343466e-09,0.607429001921998
"1698",1,0,0.648973400766552
"1699",1,0.103948644907531,0.640023050463928
"1700",1,0,0.705619197820573
"1701",1,0,0.571114539569942
"1702",1,0,0.604337797218512
"1703",1,0,0.848266691817973
"1704",1,0,0.829477214515824
"1705",1,1.11022302462516e-16,0.504389794503702
"1706",1,7.71605002114484e-14,0.573348736727792
"1707",1,0.404645583857498,0.585794593231293
"1708",1,2.46826240557496e-08,0.751980998693047
"1709",1,0.516346623327385,0.630001341054308
"1710",1,2.38696305698838e-06,0.64172774013991
"1711",1,0,0.809497936264524
"1712",1,7.65498775479045e-13,0.545132873425034
"1713",1,8.08453418654764e-07,0.470456625827754
"1714",1,0,0.616013348377306
"1715",1,1.59321984494198e-08,0.515101943269673
"1716",1,0,0.453699664852301
"1717",1,0,0.772238596920054
"1718",1,6.66133814775094e-16,0.611743290908308
"1719",1,0.000494403225406836,0.331812778057655
"1720",1,1.28324573189786e-10,0.673556191858365
"1721",1,0,0.558990231940482
"1722",1,0,0.469749562325456
"1723",1,0,0.605851508991508
"1724",1,3.79115926429918e-08,0.479428716236907
"1725",1,0,0.613874829137041
"1726",1,0.474059885631985,0.53603521825604
"1727",1,0.862783782835396,0.478176581565384
"1728",1,1.14326223832339e-06,0.633596462794955
"1729",1,0,0.425931477412721
"1730",1,1.11203140029659e-08,0.558678079695887
"1731",1,0,0.794976256796667
"1732",1,0.0012020928369606,0.64706160231481
"1733",1,0,0.623810702177873
"1734",1,0,0.700711805049321
"1735",1,0,0.65488939978205
"1736",1,4.06641558017284e-05,0.890382673880975
"1737",1,0,0.810065407664702
"1738",1,0,0.604517329862264
"1739",1,0,0.438594692707538
"1740",1,0,0.452924870717394
"1741",1,0.000578947515542327,0.567814385663097
"1742",1,0.00985435834204085,0.558914979886928
"1743",1,2.99760216648792e-15,0.525358581328991
"1744",1,3.48143736061957e-12,0.52139222246164
"1745",1,0,0.758374259908651
"1746",1,4.66900651474589e-09,0.49117802311162
"1747",1,0,0.55817423027087
"1748",1,0,0.621369814667078
"1749",1,8.18279788372678e-09,0.644762099026727
"1750",1,0,0.682647826586877
"1751",1,4.44089209850063e-16,0.515149717484144
"1752",1,1.2463363674442e-12,0.593562028937884
"1753",1,0,0.493921620667719
"1754",1,0,0.337281525180696
"1755",1,1.0071441730708e-05,0.455847731930536
"1756",1,0.143779700092514,0.389358887494853
"1757",1,0.00597906476563792,0.670950181374794
"1758",1,0,0.422500873195709
"1759",1,0.067252962294683,0.513276401074964
"1760",1,0,0.436915575226987
"1761",1,0,0.537873253513971
"1762",1,0,0.836699698496663
"1763",1,0,0.589013749397508
"1764",1,0,0.561905503202621
"1765",1,0.0010683196850807,0.479034273801413
"1766",1,0,0.288857659561808
"1767",1,1.53974388794609e-10,0.70616127456166
"1768",1,0.0127003915690133,0.593862849407807
"1769",1,1.38438566055221e-07,0.421335502485208
"1770",1,0,0.821596340565736
"1771",1,0,0.646378389173777
"1772",1,0.0341863412194089,0.775790969041494
"1773",1,0,0.787829280044459
"1774",1,0,0.711815301876459
"1775",1,0.893571915964862,0.408277916852483
"1776",1,0,0.72554590197721
"1777",1,0.000705927648593896,0.782783416799774
"1778",1,0,0.574518559727456
"1779",1,0.00469537436297984,0.522210779781392
"1780",1,0.0164904009801288,0.611036580536655
"1781",1,3.64322163015629e-05,0.590965259921416
"1782",1,0.0467355849166894,0.70095910718832
"1783",1,0,0.799620699867182
"1784",1,0,0.603953598318496
"1785",1,0,0.764107472404041
"1786",1,1.63202784619898e-14,0.461849396345706
"1787",1,0.00105627474884329,0.592134957704254
"1788",1,1.51890799937604e-09,0.779056489935698
"1789",1,0,0.616947852216192
"1790",1,0,0.6168205671066
"1791",1,0,0.527250842882346
"1792",1,0,0.714040384416254
"1793",1,0,0.666977150806167
"1794",1,2.36367703188023e-10,0.394320016626457
"1795",1,0.00524253983793033,0.519508274467807
"1796",1,0,0.762245087291832
"1797",1,0,0.725640468008471
"1798",1,0,0.828163739771806
"1799",1,0.0564243073543749,0.726414562930832
"1800",1,0,0.560007371581466
"1801",1,0,0.636583372189884
"1802",1,0,0.659039219665258
"1803",1,4.31179994597741e-07,0.760428832378827
"1804",1,4.48691720698058e-05,0.881658639700904
"1805",1,0,0.664211660471791
"1806",1,9.88098491916389e-15,0.557246380397131
"1807",1,0,0.540122362091842
"1808",1,0,0.564632462261275
"1809",1,0,0.516262804406736
"1810",1,1.38655265047305e-09,0.598819727107047
"1811",1,7.89073841933607e-07,0.801327296825023
"1812",1,0.374857414286805,0.643142246028986
"1813",1,0,0.543441502841433
"1814",1,0,0.839836334994679
"1815",1,0,0.478075807233528
"1816",1,7.42053118951702e-09,0.651862127818262
"1817",1,0,0.559136055524232
"1818",1,0,0.493567764008594
"1819",1,2.84805767296614e-05,0.429739655757789
"1820",1,0,0.764302598187887
"1821",1,6.93078927582746e-12,0.612739640203631
"1822",1,1.49346166544717e-08,0.596964317495901
"1823",1,0.00049245285659294,0.583067162268632
"1824",1,1.66533453693773e-15,0.504286955693573
"1825",1,2.02104370572442e-07,0.591989451489516
"1826",1,0,0.64013183182172
"1827",1,0,0.531052573680937
"1828",1,0,0.675865973362062
"1829",1,0,0.476797751315136
"1830",1,0,0.691809414176543
"1831",1,0.000364542518649258,0.705847563427912
"1832",1,4.98473495813556e-09,0.642401800799824
"1833",1,5.17510776454344e-08,0.405876421972151
"1834",1,4.73903445274981e-06,0.709919286339609
"1835",1,0,0.750896154585092
"1836",1,0,0.793635080823564
"1837",1,0.000182659107547556,0.55848468298307
"1838",1,0.00117199006686397,0.705931419752091
"1839",1,2.35602648501754e-11,0.563379838275132
"1840",1,0.95367027860527,0.533135988430867
"1841",1,0.0245324747303098,0.710028840313631
"1842",1,1.93792455194242e-07,0.390952074385494
"1843",1,0.000109643906073709,0.667905615553089
"1844",1,0.00242607396398564,0.880691609440937
"1845",1,0,0.392022922583436
"1846",1,0,0.385637567530265
"1847",1,0,0.827528868151624
"1848",1,6.54190335236393e-08,0.839748221774521
"1849",1,3.33066907387547e-16,0.902010464610467
"1850",1,3.08061716710606e-05,0.719389798476761
"1851",1,0.0137231942976617,0.748663039893115
"1852",1,0.00985793078510522,0.577370912139162
"1853",1,4.13447054370408e-12,0.77070479117556
"1854",1,0,0.613867659405276
"1855",1,0,0.648293646820259
"1856",1,1.11022302462516e-16,0.551188200684015
"1857",1,0,0.590931415423953
"1858",1,1.89486204504874e-11,0.394315661026114
"1859",1,0,0.925181432295557
"1860",1,0,0.707659497172985
"1861",1,0,0.615913762221487
"1862",1,0,0.589404202954414
"1863",1,0,0.564948479576662
"1864",1,1.90614191097893e-12,0.471983180634077
"1865",1,0,0.820198777779892
"1866",1,0.000273439466018321,0.594079746163831
"1867",1,0,0.863539898957463
"1868",1,4.22361923213543e-10,0.495833136391563
"1869",1,5.04496444619917e-12,0.57822338239347
"1870",1,0,0.85496742993027
"1871",1,1.99840144432528e-15,0.640791995962228
"1872",1,0,0.350380960405119
"1873",1,1.11789567835974e-06,0.500148676014064
"1874",1,0,0.756619151719061
"1875",1,0,0.783737292401099
"1876",1,5.02061992768699e-06,0.473916513918331
"1877",1,0,0.597754340070197
"1878",1,0,0.529021775331176
"1879",1,6.66133814775094e-16,0.659357226058785
"1880",1,0.00263267549573087,0.713539543624672
"1881",1,0,0.796044291129293
"1882",1,0.0213686854629561,0.40886108451473
"1883",1,1.11022302462516e-15,0.875692245000253
"1884",1,0,0.590445897744281
"1885",1,0,0.539310180025378
"1886",1,0.000961776516380852,0.48867391525135
"1887",1,0,0.537532889318144
"1888",1,0,0.44914839425635
"1889",1,0,0.796095894657599
"1890",1,0,0.699882294377904
"1891",1,3.04059000200141e-11,0.403457524572846
"1892",1,3.64487321546925e-07,0.61507729241121
"1893",1,0,0.560854142740111
"1894",1,0,0.586369656160054
"1895",1,0.300474326356511,0.486103447040815
"1896",1,3.12910142241662e-10,0.614840907790575
"1897",1,0,0.306756310118303
"1898",1,0,0.398597732464325
"1899",1,0,0.625910264668581
"1900",1,0,0.598274239049099
"1901",1,0,0.641415815830929
"1902",1,0,0.642310757545922
"1903",1,0,0.803147633931219
"1904",1,1.87272419793771e-10,0.563584337150501
"1905",1,3.31714183572362e-05,0.270652820474441
"1906",1,0,0.659768136757443
"1907",1,0.000953023418100662,0.613626852906851
"1908",1,0,0.503669111368711
"1909",1,0,0.827268538396182
"1910",1,3.11861647617206e-13,0.568064449258851
"1911",1,0,0.790763448889837
"1912",1,2.18380868943768e-12,0.728268481817086
"1913",1,1.1568835889264e-09,0.83029597867887
"1914",1,0.00021378691256313,0.66388477311564
"1915",1,2.31482011336936e-09,0.578247536547421
"1916",1,0,0.501607403011158
"1917",1,0,0.889221878566222
"1918",1,0,0.649842892494419
"1919",1,0,0.513983686610326
"1920",1,0.499156183047882,0.59159100260636
"1921",1,6.92923717804383e-06,0.485208619704329
"1922",1,0.353696114932162,0.726844868000153
"1923",1,0.00708997113386511,0.514496261980017
"1924",1,0.000370705402381044,0.634956862442515
"1925",1,0,0.803745688625164
"1926",1,0,0.543371872473223
"1927",1,0.000326344193588568,0.600893505563602
"1928",1,0,0.56066593763522
"1929",1,0,0.624798680529147
"1930",1,0,0.409218476605317
"1931",1,4.47599735053927e-11,0.610241729635175
"1932",1,5.49080530820589e-07,0.743478085075179
"1933",1,0,0.677556260807308
"1934",1,0,0.555474069095789
"1935",1,4.87166529339333e-10,0.776738102342066
"1936",1,0,0.838932676030715
"1937",1,0,0.511290552147396
"1938",1,0.480599356111681,0.839876526688776
"1939",1,0,0.223901582801053
"1940",1,0,0.74679585462447
"1941",1,0,0.782142972419982
"1942",1,0,0.780941450671407
"1943",1,0.00278213545409789,0.70408753631226
"1944",1,0.00019180465159907,0.620949055292959
"1945",1,1.67115325589995e-05,0.481896229305345
"1946",1,0,0.444470696984767
"1947",1,0,0.642904279713941
"1948",1,0,0.586076129553141
"1949",1,8.870681966755e-14,0.378125934957481
"1950",1,0.000410372082585653,0.678711895580119
"1951",1,0.00152387584909841,0.753698165031746
"1952",1,1.27342580924505e-13,0.392505383974618
"1953",1,2.22044604925031e-16,0.67668682648775
"1954",1,0,0.534495441990466
"1955",1,0,0.803613396129701
"1956",1,7.7715611723761e-15,0.776928772756674
"1957",1,0.984900701504885,0.750013486916936
"1958",1,0,0.545317547716062
"1959",1,5.97480384501026e-07,0.518180865113956
"1960",1,0,0.566397324357389
"1961",1,0,0.472492813408463
"1962",1,2.08000283663523e-12,0.414825160409845
"1963",1,0.00197023367723115,0.416895330960755
"1964",1,5.86197757002083e-14,0.377610879048206
"1965",1,2.68848384784581e-05,0.769842707001057
"1966",1,0,0.420629628493772
"1967",1,0.0181987945021187,0.566430507961206
"1968",1,0,0.721563193817523
"1969",1,0,0.503373613592958
"1970",1,0,0.401779002631791
"1971",1,0,0.690579610426807
"1972",1,0,0.769754740647502
"1973",1,0,0.430236968070691
"1974",1,0,0.668007347604951
"1975",1,0.992128327680706,0.762516062771891
"1976",1,0.0115006152669752,0.583359374763883
"1977",1,0,0.754572770159221
"1978",1,0,0.602647358125083
"1979",1,1.39159794798616e-11,0.36459570260248
"1980",1,5.96736507441076e-06,0.668541288017885
"1981",1,1.77191594730175e-13,0.564401032770277
"1982",1,0,0.700850190779583
"1983",1,1.23621886927161e-06,0.832407408487369
"1984",1,0,0.56594708043195
"1985",1,0,0.561184866308257
"1986",1,0,0.477506777672177
"1987",1,0.000349252855626814,0.488271539546965
"1988",1,0.340233145876058,0.566239649439054
"1989",1,1.83184689639404e-10,0.931378302877209
"1990",1,4.15642732454202e-08,0.50675822546779
"1991",1,2.32636132579955e-12,0.674488365504349
"1992",1,0,0.493696687182429
"1993",1,2.68397526426156e-11,0.835012459845701
"1994",1,0,0.780473317137707
"1995",1,0,0.541922124299297
"1996",1,1.87359205927606e-09,0.284714899802346
"1997",1,0,0.819221276273421
"1998",1,0,0.707965446096907
"1999",1,0,0.516929905845812
"2000",1,0,0.766544115435011
